<?xml version="1.0" encoding="UTF-8"?>
<section name="Workbench">
	<section name="org.eclipse.ui.texteditor.FindReplaceDialog">
		<item key="selection" value="file"/>
		<item key="wrap" value="true"/>
		<item key="casesensitive" value="false"/>
		<item key="wholeword" value="false"/>
		<item key="incremental" value="false"/>
		<item key="isRegEx" value="false"/>
		<list key="findhistory">
			<item value="file"/>
			<item value="dropdown"/>
			<item value="고객"/>
			<item value="188.888"/>
			<item value="header__top"/>
			<item value="150.00"/>
			<item value="Login"/>
			<item value="contact"/>
			<item value="categor"/>
			<item value="category"/>
			<item value="footer class"/>
			<item value="header class"/>
			<item value="header"/>
			<item value="log4jdbc"/>
		</list>
		<list key="replacehistory">
		</list>
	</section>
	<section name="org.eclipse.ui.texteditor.FindReplaceDialog_dialogBounds">
		<item key="DIALOG_X_ORIGIN" value="655"/>
		<item key="DIALOG_Y_ORIGIN" value="214"/>
		<item key="DIALOG_WIDTH" value="322"/>
		<item key="DIALOG_HEIGHT" value="391"/>
		<item key="DIALOG_FONT_NAME" value="1|맑은 고딕|9.0|0|WINDOWS|1|-12|0|0|0|400|0|0|0|1|0|0|0|0|맑은 고딕"/>
	</section>
</section>
