<?xml version="1.0" encoding="UTF-8" standalone="no"?>
<qualifiedTypeNameHistroy>
    <fullyQualifiedTypeName name="java.lang.Exception"/>
    <fullyQualifiedTypeName name="com.boritgogae.service.MemberService"/>
    <fullyQualifiedTypeName name="com.boritgogae.persispence.MemberDAO"/>
    <fullyQualifiedTypeName name="javax.inject.Inject"/>
    <fullyQualifiedTypeName name="org.springframework.stereotype.Controller"/>
    <fullyQualifiedTypeName name="org.springframework.web.bind.annotation.RequestMethod"/>
    <fullyQualifiedTypeName name="org.springframework.web.bind.annotation.RequestMapping"/>
    <fullyQualifiedTypeName name="java.util.Locale"/>
    <fullyQualifiedTypeName name="org.springframework.ui.Model"/>
</qualifiedTypeNameHistroy>
