<?xml version="1.0" encoding="UTF-8"?>
<section name="Workbench">
	<section name="EditorSelectionDialog">
		<item key="EditorSelectionDialog.STORE_ID_FILE_EXTENSION" value=".xml"/>
		<item key="EditorSelectionDialog.STORE_ID_INTERNAL_EXTERNAL" value="false"/>
		<item key="EditorSelectionDialog.STORE_ID_DESCR" value="com.springsource.sts.config.ui.editors.SpringConfigEditor"/>
	</section>
	<section name="NewWizardAction">
		<item key="NewWizardSelectionPage.STORE_SELECTED_ID" value="org.eclipse.wst.xml.ui.internal.wizards.NewXMLWizard"/>
		<list key="NewWizardSelectionPage.STORE_EXPANDED_CATEGORIES_ID">
			<item value="org.eclipse.wst.web.ui"/>
			<item value="org.eclipse.wst.XMLCategory"/>
		</list>
	</section>
</section>
